particles,inertia,cognition,social,epoch_stop,solution_found,fitness
40,0.5,1,1,212,[1. 1.],6.223874933004753e-19
40,0.5,1,1,313,[1. 1.],8.253158002856928e-20
40,0.5,1,1,402,[1.00000313 1.00000625],9.839939099424998e-12
40,0.5,1,1,332,[1. 1.],8.741031705945364e-19
40,0.5,1,1,364,[1. 1.],3.90013324579334e-26
40,0.5,1,1,526,[1. 1.],0.0
40,0.5,1,1,412,[1. 1.],2.2107699570612654e-18
40,0.5,1,1,681,[1. 1.],6.163880414682905e-20
40,0.5,1,1,451,[1.00000043 1.00000085],1.822426183194908e-13
40,0.5,1,1,212,[0.99999941 0.99999882],3.5418683883462105e-13
40,0.5,1,1,253,[1. 1.],6.7032177367339065e-18
40,0.5,1,1,234,[1. 1.],1.6926768998797313e-22
40,0.5,1,1,304,[1. 1.],1.670406902206172e-19
40,0.5,1,1,211,[1.00000002 1.00000003],2.4749471661316685e-16
40,0.5,1,1,223,[1.00000001 1.00000002],9.245012536110816e-17
40,0.5,1,1,294,[1. 1.],6.295230502445424e-23
40,0.5,1,1,286,[1.00000033 1.00000066],1.1034929154164541e-13
40,0.5,1,1,498,[1. 1.],0.0
40,0.5,1,1,284,[1. 1.],2.0062650645401511e-22
40,0.5,1,1,187,[1.00000001 1.00000001],7.59340710112823e-17
40,0.5,1,1,480,[1. 1.],9.612556585234237e-21
40,0.5,1,1,233,[1.00000005 1.0000001 ],3.3768064245227384e-15
40,0.5,1,1,193,[0.99999998 0.99999997],3.553096207262979e-16
40,0.5,1,1,238,[0.99999982 0.99999965],3.1280667403850253e-14
40,0.5,1,1,197,[1.00000013 1.00000025],1.6363022189690592e-14
40,0.5,1,1,290,[1. 1.],8.126056184681643e-27
40,0.5,1,1,444,[1.00000022 1.00000045],5.52418639304457e-14
40,0.5,1,1,243,[1. 1.],3.1991596774747475e-18
40,0.5,1,1,746,[0.99999999 0.99999998],1.207544921100647e-16
40,0.5,1,1,271,[1. 1.],5.01926075300596e-25
40,0.5,1,1,639,[1. 1.],5.832291214289568e-21
40,0.5,1,1,171,[0.99999696 0.99999392],9.227159202595648e-12
40,0.5,1,1,343,[0.99999995 0.9999999 ],2.578266439999322e-15
40,0.5,1,1,321,[1.00000001 1.00000002],7.797205077966046e-17
40,0.5,1,1,425,[1. 1.],6.713968698015683e-19
40,0.5,1,1,217,[0.99999989 0.99999977],1.4352499370722483e-14
40,0.5,1,1,244,[1. 1.],1.02253500785681e-18
40,0.5,1,1,253,[1.00000004 1.00000008],1.610324343244e-15
40,0.5,1,1,424,[1. 1.],6.983391163469007e-28
40,0.5,1,1,306,[1. 1.],7.517381464012491e-25
40,0.5,1,1,547,[0.99999997 0.99999994],1.1325385265360778e-15
40,0.5,1,1,226,[1. 1.],1.2058745725580132e-19
40,0.5,1,1,402,[1.0000009 1.0000018],8.058456539969603e-13
40,0.5,1,1,406,[1.         1.00000001],1.2870681033569183e-17
40,0.5,1,1,374,[0.99999996 0.99999992],1.6897477340659286e-15
40,0.5,1,1,351,[1.00000006 1.00000011],5.070365951494101e-15
40,0.5,1,1,253,[1. 1.],7.114072031856696e-23
40,0.5,1,1,285,[1.00000001 1.00000002],4.697254101572498e-16
40,0.5,1,1,522,[1. 1.],7.101140911351403e-15
40,0.5,1,1,225,[1.00000001 1.00000002],1.5347561161240342e-16
40,0.5,1,1,392,[1.00000011 1.00000021],1.1518651694781402e-14
40,0.5,1,1,341,[1. 1.],2.7733391199176196e-30
40,0.5,1,1,315,[0.99999978 0.99999955],5.054619085271132e-14
40,0.5,1,1,198,[0.99999984 0.99999967],2.642424734644309e-14
40,0.5,1,1,394,[1.00000052 1.00000103],2.8321695627773917e-13
40,0.5,1,1,176,[0.99999983 0.99999966],2.945335522993293e-14
40,0.5,1,1,383,[1. 1.],3.311402408415411e-22
40,0.5,1,1,277,[1. 1.],2.1694146413613505e-21
40,0.5,1,1,470,[1. 1.],3.8951239790451866e-26
40,0.5,1,1,428,[1. 1.],1.0176951064179136e-24
40,0.5,1,1,225,[1. 1.],3.429144869965445e-20
40,0.5,1,1,443,[1. 1.],2.7026490502075166e-18
40,0.5,1,1,181,[0.99999877 0.99999753],1.5159630456141681e-12
40,0.5,1,1,337,[0.99999996 0.99999993],1.5129642021913565e-15
40,0.5,1,1,222,[1. 1.],6.539841702306646e-18
40,0.5,1,1,366,[1. 1.],2.8188174441416767e-25
40,0.5,1,1,312,[1. 1.],1.1220683560153807e-25
40,0.5,1,1,256,[0.9999999 0.9999998],1.0118740555259075e-14
40,0.5,1,1,175,[1.00000005 1.00000011],5.780516373620285e-15
40,0.5,1,1,289,[1. 1.],1.1245481649228463e-22
40,0.5,1,1,252,[1. 1.],1.639720184868199e-18
40,0.5,1,1,219,[1.00000093 1.00000188],9.361402101414718e-13
40,0.5,1,1,357,[1. 1.],3.569747132607186e-21
40,0.5,1,1,207,[1.00000018 1.00000037],3.543558387204244e-14
40,0.5,1,1,249,[1. 1.],1.8751045469347358e-20
40,0.5,1,1,293,[1. 1.],3.94338431948934e-20
40,0.5,1,1,460,[1. 1.],1.2178636506804775e-18
40,0.5,1,1,311,[1. 1.],8.234697583019406e-21
40,0.5,1,1,320,[1.00000658 1.00001295],4.810473376905771e-11
40,0.5,1,1,725,[1. 1.],2.2788263316493952e-20
40,0.5,1,1,223,[0.99999998 0.99999995],5.878553188885696e-16
40,0.5,1,1,333,[1.00000013 1.00000026],2.5294505170278566e-14
40,0.5,1,1,454,[1. 1.],1.0223637331664313e-27
40,0.5,1,1,241,[1.00000002 1.00000004],4.215162225126945e-16
40,0.5,1,1,219,[1.00000001 1.00000003],3.5630824831027003e-16
40,0.5,1,1,503,[1. 1.],0.0
40,0.5,1,1,189,[0.99999997 0.99999995],6.975989369708259e-16
40,0.5,1,1,306,[1. 1.],5.691640029753467e-23
40,0.5,1,1,258,[1. 1.],7.772116483221934e-25
40,0.5,1,1,230,[1. 1.],4.016261719676243e-19
40,0.5,1,1,219,[1.         1.00000001],2.2509811264934596e-17
40,0.5,1,1,257,[1. 1.],4.446669188119282e-19
40,0.5,1,1,384,[0.99999979 0.9999996 ],7.50122152075365e-14
40,0.5,1,1,644,[1. 1.],2.973956385420798e-22
40,0.5,1,1,177,[1.00000001 1.00000002],7.357616941832789e-17
40,0.5,1,1,298,[1. 1.],2.4491211492616053e-19
40,0.5,1,1,289,[1. 1.],3.697373201455729e-19
40,0.5,1,1,271,[1. 1.],1.438563013600186e-19
40,0.5,1,1,156,[1.00000001 1.00000003],2.0407941962584018e-16
40,0.5,1,1,196,[1. 1.],2.966459515203138e-22
40,0.5,1,1,297,[1. 1.],4.1928862494670732e-19
40,0.5,1,1,237,[0.99999999 0.99999997],1.5985175760731013e-16
40,0.5,1,1,999,[1.00024435 1.00048158],6.487165182871174e-08
40,0.5,1,1,223,[1. 1.],3.071900589848182e-21
40,0.5,1,1,257,[1.         0.99999999],1.5787998634537618e-17
40,0.5,1,1,241,[1. 1.],5.267018017586361e-22
40,0.5,1,1,278,[0.99999593 0.99999177],1.7411367147176164e-11
40,0.5,1,1,240,[0.99999992 0.99999984],7.984528587892695e-15
40,0.5,1,1,318,[1.00000063 1.00000125],3.913082643123536e-13
40,0.5,1,1,273,[1. 1.],5.29140378736854e-19
40,0.5,1,1,287,[1.00000021 1.00000041],5.928060472547306e-14
40,0.5,1,1,269,[0.99999999 0.99999997],1.8496482436919386e-16
40,0.5,1,1,430,[1. 1.],0.0
40,0.5,1,1,617,[1. 1.],4.930380657631324e-32
40,0.5,1,1,186,[1. 1.],5.16462198557594e-18
40,0.5,1,1,236,[1. 1.],3.2805668784551344e-21
40,0.5,1,1,219,[1.00000002 1.00000004],7.827622799089985e-16
40,0.5,1,1,185,[1. 1.],4.4860136050412155e-21
40,0.5,1,1,203,[1.         1.00000001],1.862753416429394e-17
40,0.5,1,1,179,[1. 1.],4.982735042088389e-18
40,0.5,1,1,488,[1. 1.],3.2340487350403534e-19
40,0.5,1,1,369,[1. 1.],4.579835141149893e-24
40,0.5,1,1,311,[1. 1.],4.757324296548464e-28
40,0.5,1,1,292,[1.0000001  1.00000021],1.0830090252623007e-14
40,0.5,1,1,228,[1. 1.],6.49455881481084e-19
40,0.5,1,1,187,[0.99999996 0.99999993],1.4696471193471431e-15
40,0.5,1,1,619,[0.99999999 0.99999999],5.71270712917731e-17
40,0.5,1,1,214,[1. 1.],3.031416493565452e-19
40,0.5,1,1,221,[1.00000017 1.00000033],2.783633707632909e-14
40,0.5,1,1,272,[1. 1.],1.532164370170383e-16
40,0.5,1,1,360,[1.00000011 1.00000022],1.2247016790826178e-14
40,0.5,1,1,201,[0.99999999 0.99999999],3.773239814231021e-17
40,0.5,1,1,792,[0.99999992 0.99999987],1.4103667258683804e-13
40,0.5,1,1,211,[1.00000002 1.00000004],4.84610393328014e-16
40,0.5,1,1,262,[1. 1.],1.078634672975995e-24
40,0.5,1,1,379,[1. 1.],5.429568946417146e-20
40,0.5,1,1,358,[1. 1.],7.50931836208349e-21
40,0.5,1,1,201,[0.99999998 0.99999995],5.607233396642434e-16
40,0.5,1,1,194,[1. 1.],2.6691577228009987e-20
40,0.5,1,1,414,[1. 1.],1.9035434870100053e-15
40,0.5,1,1,378,[1. 1.],1.9076912537188254e-18
40,0.5,1,1,202,[1. 1.],2.216429336108385e-22
40,0.5,1,1,239,[1. 1.],7.401929711476224e-20
40,0.5,1,1,292,[1.00000391 1.0000078 ],1.5397882535132056e-11
40,0.5,1,1,184,[1. 1.],1.365709888583104e-22
40,0.5,1,1,188,[0.99999962 0.99999924],1.4793159791327027e-13
40,0.5,1,1,181,[0.99999988 0.99999977],1.3428429154377326e-14
40,0.5,1,1,379,[1.00000001 1.00000003],1.7475850276802735e-16
40,0.5,1,1,999,[1. 1.],4.437342591868191e-28
40,0.5,1,1,383,[1. 1.],0.0
40,0.5,1,1,170,[1. 1.],9.77058645033823e-18
40,0.5,1,1,503,[1. 1.],4.930380657631324e-32
40,0.5,1,1,483,[1.00000105 1.00000211],1.1094270538037088e-12
40,0.5,1,1,197,[1.         1.00000001],8.056110045048382e-18
40,0.5,1,1,262,[1. 1.],4.570089701438213e-24
40,0.5,1,1,283,[1. 1.],8.885369422159464e-23
40,0.5,1,1,283,[1. 1.],7.846243523814256e-26
40,0.5,1,1,503,[1.0000001 1.0000002],1.0544838149142385e-14
40,0.5,1,1,847,[1.00000002 1.00000004],3.625098918556824e-16
40,0.5,1,1,360,[1. 1.],3.635906071989734e-20
40,0.5,1,1,338,[0.99999993 0.99999987],4.59578249129082e-15
40,0.5,1,1,270,[1. 1.],1.1251425592889787e-24
40,0.5,1,1,198,[1.         1.00000001],8.840236615902302e-17
40,0.5,1,1,684,[1. 1.],0.0
40,0.5,1,1,183,[0.99999999 0.99999999],9.948776540324521e-17
40,0.5,1,1,426,[1. 1.],5.814099929995193e-20
40,0.5,1,1,254,[1. 1.],4.4620812698559223e-20
40,0.5,1,1,250,[1. 1.],5.959440488680304e-22
40,0.5,1,1,326,[1. 1.],1.6217231356020934e-23
40,0.5,1,1,297,[0.99999999 0.99999998],9.588097583467845e-17
40,0.5,1,1,266,[1. 1.],8.891828375918903e-19
40,0.5,1,1,232,[1. 1.],5.029405531820207e-18
40,0.5,1,1,248,[1. 1.],7.795679080533545e-24
40,0.5,1,1,252,[1.00000003 1.00000006],1.0022284512641305e-15
40,0.5,1,1,225,[1. 1.],3.9034619355807824e-17
40,0.5,1,1,269,[1. 1.],1.4242635734345543e-18
40,0.5,1,1,240,[1. 1.],1.0483821213442832e-19
40,0.5,1,1,319,[1.00000012 1.00000023],1.3520067107647137e-14
40,0.5,1,1,466,[1. 1.],4.85208716920803e-19
40,0.5,1,1,586,[1. 1.],0.0
40,0.5,1,1,198,[1. 1.],3.1447133475012034e-19
40,0.5,1,1,148,[1.00000279 1.00000561],7.92207845595482e-12
40,0.5,1,1,204,[1.00000002 1.00000005],5.823894101293717e-16
40,0.5,1,1,248,[1.         1.00000001],2.2810921316399755e-17
40,0.5,1,1,192,[0.99999999 0.99999997],2.1798710057725015e-16
40,0.5,1,1,228,[1. 1.],3.469099684761777e-18
40,0.5,1,1,182,[1. 1.],1.858440040616884e-16
40,0.5,1,1,204,[1. 1.],6.245267206871556e-19
40,0.5,1,1,266,[1. 1.],4.289014639981333e-19
40,0.5,1,1,466,[1. 1.],0.0
40,0.5,1,1,215,[0.99999997 0.99999994],3.362216722646905e-15
40,0.5,1,1,266,[1. 1.],1.7740446743845353e-18
40,0.5,1,1,787,[1.00000097 1.00000191],1.0168703589495515e-12
40,0.5,1,1,211,[0.99999999 0.99999998],1.1838932976280073e-16
40,0.5,1,1,190,[1. 1.],1.4689113930470086e-21
40,0.5,1,1,474,[1. 1.],1.7213911306531373e-25
40,0.5,1,1,351,[1. 1.],4.851340919314858e-20
40,0.5,1,1,202,[1.         1.00000001],1.3735980812698395e-17
40,0.5,1,1,340,[1. 1.],2.924883331991298e-18
40,0.5,1,1,883,[1. 1.],2.4158865222393487e-30
40,0.5,1,1,362,[1. 1.],5.659655858531365e-19
40,0.5,1,1,327,[1.         1.00000001],4.2737003989710747e-17
40,0.5,1,1,274,[1. 1.],3.183054985161947e-24
40,0.5,1,1,286,[0.99999991 0.99999981],9.357684055182379e-15
40,0.5,1,1,184,[0.99999975 0.9999995 ],6.276097031509254e-14
40,0.5,1,1,207,[1.00000006 1.00000012],3.777444770934382e-15
40,0.5,1,1,442,[1. 1.],4.149482637297072e-20
40,0.5,1,1,297,[1.00000011 1.00000022],1.509964857032046e-14
40,0.5,1,1,628,[1. 1.],4.738767377796945e-20
40,0.5,1,1,263,[1. 1.],6.216747305374332e-22
40,0.5,1,1,271,[1.00000002 1.00000004],4.0122432388762433e-16
40,0.5,1,1,514,[1.0000007 1.0000014],4.988213104303534e-13
40,0.5,1,1,239,[1. 1.],3.1854130951959436e-20
40,0.5,1,1,297,[1. 1.],1.672742724846864e-19
40,0.5,1,1,213,[1. 1.],7.916491308084227e-19
40,0.5,1,1,224,[1.00000062 1.00000123],3.893162483338686e-13
40,0.5,1,1,393,[1. 1.],1.7749370367472766e-30
40,0.5,1,1,618,[0.99999995 0.99999991],2.04798499941558e-15
40,0.5,1,1,181,[0.99999961 0.99999921],1.5428236851221726e-13
40,0.5,1,1,329,[1. 1.],1.7805011143004526e-23
40,0.5,1,1,471,[1.00000034 1.00000065],1.9346294222286596e-13
40,0.5,1,1,662,[1. 1.],0.0
40,0.5,1,1,294,[1. 1.],3.671186533309831e-24
40,0.5,1,1,400,[1. 1.],8.95574342774601e-18
40,0.5,1,1,338,[1.00000002 1.00000004],3.2417801981598896e-16
40,0.5,1,1,135,[0.99999955 0.99999911],2.1832439212995398e-13
40,0.5,1,1,181,[1.0000007  1.00000142],5.340609384626478e-13
40,0.5,1,1,478,[1. 1.],2.256230835180623e-19
40,0.5,1,1,366,[1. 1.],9.211711511208307e-21
40,0.5,1,1,460,[1.         0.99999999],2.0581055579337576e-17
40,0.5,1,1,261,[1. 1.],5.20733044366605e-24
40,0.5,1,1,212,[1.00000001 1.00000003],2.362103966741278e-16
40,0.5,1,1,395,[1. 1.],1.6429845977618143e-18
40,0.5,1,1,490,[1. 1.],5.64611606055832e-22
40,0.5,1,1,335,[1.         1.00000001],1.69029804335613e-17
40,0.5,1,1,266,[1. 1.],2.5047936114480855e-25
40,0.5,1,1,193,[0.99999988 0.99999976],1.474311995993105e-14
40,0.5,1,1,222,[0.99999986 0.99999972],1.9118728514525637e-14
40,0.5,1,1,358,[1.         0.99999999],2.038137928559712e-17
40,0.5,1,1,299,[1. 1.],2.1393421794024822e-19
40,0.5,1,1,493,[1. 1.],2.189896728641316e-22
40,0.5,1,1,193,[1.00000003 1.00000005],6.931874180689746e-16
40,0.5,1,1,170,[1.0000003 1.0000006],9.474238229657845e-14
40,0.5,1,1,273,[0.99999998 0.99999997],2.452172136099656e-16
40,0.5,1,1,313,[1. 1.],1.3294410950632473e-21
40,0.5,1,1,198,[0.99999997 0.99999994],9.584309675941327e-16
40,0.5,1,1,206,[1. 1.],2.060894023039269e-21
40,0.5,1,1,157,[1.00000031 1.00000058],2.2121406480837498e-13
40,0.5,1,1,897,[1. 1.],3.1554436208840472e-30
40,0.5,1,1,198,[1.00000262 1.00000507],9.31197720797517e-12
40,0.5,1,1,419,[1.00000275 1.00000554],7.73319478382928e-12
40,0.5,1,1,258,[1. 1.],1.0760312523567682e-18
40,0.5,1,1,295,[1. 1.],5.3454341303057126e-18
40,0.5,1,1,216,[1. 1.],3.2929560151090337e-21
40,0.5,1,1,193,[1.         1.00000001],1.5670231908531592e-16
40,0.5,1,1,240,[1. 1.],3.1248073324872225e-21
40,0.5,1,1,268,[1. 1.],1.3760239212911475e-18
40,0.5,1,1,454,[1.00000047 1.00000094],2.2313302642375205e-13
40,0.5,1,1,513,[1. 1.],6.35812521884886e-26
40,0.5,1,1,174,[0.99999988 0.99999975],1.5318441952186974e-14
40,0.5,1,1,290,[1. 1.],2.06348756473515e-28
40,0.5,1,1,232,[1. 1.],3.9032837590335664e-24
40,0.5,1,1,248,[1. 1.],2.1295190840379093e-18
40,0.5,1,1,534,[1. 1.],1.0509627127352379e-18
40,0.5,1,1,178,[1.00000104 1.00000207],1.1417461701190605e-12
40,0.5,1,1,336,[1.00000086 1.00000176],8.41925043173239e-13
40,0.5,1,1,326,[0.99999996 0.99999991],1.8502596046575865e-15
40,0.5,1,1,438,[1. 1.],4.930380657631324e-32
40,0.5,1,1,282,[0.99999986 0.99999972],2.6048039406369834e-14
40,0.5,1,1,167,[1.00000011 1.00000021],1.2232797307148178e-14
40,0.5,1,1,182,[0.99999998 0.99999997],2.3921563922313547e-16
40,0.5,1,1,391,[1. 1.],2.1742978700154138e-29
40,0.5,1,1,527,[1. 1.],0.0
40,0.5,1,1,275,[1. 1.],6.048152729570856e-20
40,0.5,1,1,592,[1.00000007 1.00000014],5.148022038031938e-15
40,0.5,1,1,282,[1. 1.],1.0882401993319426e-19
40,0.5,1,1,276,[1. 1.],2.8322448044909603e-22
40,0.5,1,1,684,[1. 1.],4.345255407135282e-27
40,0.5,1,1,337,[1. 1.],5.096842634584601e-25
40,0.5,1,1,201,[1. 1.],3.9582569841475714e-18
40,0.5,1,1,554,[1.00000001 1.00000002],1.180204382210104e-16
40,0.5,1,1,185,[0.99999998 0.99999997],2.430340188402021e-16
40,0.5,1,1,239,[1. 1.],2.7299585576178824e-20
40,0.5,1,1,509,[1. 1.],4.3257549430519226e-23
40,0.5,1,1,810,[1.00000001 1.00000001],6.549237963120217e-17
40,0.5,1,1,237,[1. 1.],1.4061565820495598e-21
40,0.5,1,1,475,[1.00000062 1.00000119],6.421708508302916e-13
40,0.5,1,1,315,[0.99999999 0.99999999],2.612712983426829e-17
40,0.5,1,1,336,[1. 1.],2.28262301150178e-22
40,0.5,1,1,207,[1.00000007 1.00000012],9.136995561308713e-14
40,0.5,1,1,316,[1.00000085 1.0000017 ],7.47440796168881e-13
40,0.5,1,1,337,[1. 1.],3.182892484974622e-19
40,0.5,1,1,207,[1.         0.99999999],2.4670907121249303e-17
40,0.5,1,1,216,[1.         1.00000001],8.084468622297574e-17
40,0.5,1,1,216,[0.99999684 0.99999366],1.0018594362094962e-11
40,0.5,1,1,363,[1. 1.],3.498102684883264e-18
40,0.5,1,1,287,[1.00000001 1.00000001],4.909862341017159e-17
40,0.5,1,1,466,[1. 1.],2.0963361162185272e-19
40,0.5,1,1,215,[0.99999974 0.99999948],7.093097560016861e-14
40,0.5,1,1,198,[0.99999987 0.99999973],1.8000062380779313e-14
40,0.5,1,1,211,[0.99999979 0.99999957],4.641057899540669e-14
40,0.5,1,1,199,[0.99999306 0.99998606],4.8542871879735356e-11
40,0.5,1,1,238,[1. 1.],4.0495088923858696e-19
40,0.5,1,1,935,[1. 1.],3.38729477130916e-26
40,0.5,1,1,346,[1. 1.],8.155404275546193e-25
40,0.5,1,1,229,[1.00000003 1.00000007],1.2222336709372004e-15
40,0.5,1,1,192,[1. 1.],1.1905544758290202e-20
40,0.5,1,1,339,[1.00000035 1.00000069],1.2062773416988023e-13
40,0.5,1,1,283,[1.         0.99999999],1.2799070923057054e-17
40,0.5,1,1,364,[1.00000063 1.00000127],4.0011867558659703e-13
40,0.5,1,1,155,[1.00000069 1.00000138],4.821679866010987e-13
40,0.5,1,1,148,[1.00000007 1.00000013],5.497525851429841e-15
40,0.5,1,1,257,[0.99999993 0.99999985],5.295981413440751e-15
40,0.5,1,1,426,[1. 1.],7.029485292237202e-26
40,0.5,1,1,234,[1.00000001 1.00000002],1.519013498203081e-16
40,0.5,1,1,220,[1. 1.],2.255734446799916e-19
40,0.5,1,1,248,[1. 1.],4.470716954344242e-22
40,0.5,1,1,440,[1. 1.],0.0
40,0.5,1,1,223,[1.00000034 1.00000069],1.2338772852209066e-13
40,0.5,1,1,343,[1.00000059 1.00000117],3.444320442176053e-13
40,0.5,1,1,235,[1.00000001 1.00000001],5.4270569122612866e-17
40,0.5,1,1,188,[1. 1.],7.214913965949761e-20
40,0.5,1,1,359,[1.         0.99999999],7.495968502607473e-18
40,0.5,1,1,200,[1. 1.],9.023349870828942e-19
40,0.5,1,1,999,[1. 1.],5.138628103696093e-25
40,0.5,1,1,240,[1. 1.],3.6670382100758474e-21
40,0.5,1,1,263,[0.99999901 0.99999803],9.970294614558942e-13
40,0.5,1,1,254,[1. 1.],4.594848726298335e-20
40,0.5,1,1,574,[1. 1.],4.402871139926696e-19
40,0.5,1,1,416,[0.99999999 0.99999998],9.153992433143805e-17
40,0.5,1,1,172,[1.00000001 1.00000001],3.3144671293831655e-17
40,0.5,1,1,727,[1. 1.],2.3695941967934137e-18
40,0.5,1,1,349,[1.00000137 1.00000273],1.8660164248855212e-12
40,0.5,1,1,259,[1. 1.],4.588280685951886e-21
40,0.5,1,1,189,[1.         0.99999999],1.4473250517990597e-17
40,0.5,1,1,525,[1.         1.00000001],1.2441029067409154e-17
40,0.5,1,1,251,[0.99999994 0.99999988],3.4246067741641384e-15
40,0.5,1,1,232,[1. 1.],1.3958670771002846e-20
40,0.5,1,1,416,[1. 1.],1.446081004335865e-22
40,0.5,1,1,867,[1. 1.],3.7248530858186625e-24
40,0.5,1,1,290,[1. 1.],2.0678877938866177e-24
40,0.5,1,1,298,[1. 1.],3.5064142216236344e-19
40,0.5,1,1,354,[1.00000054 1.00000108],2.915995555059166e-13
40,0.5,1,1,999,[0.99929245 0.99858319],5.011125373207313e-07
40,0.5,1,1,279,[0.99999999 0.99999997],2.1389413824288339e-16
40,0.5,1,1,252,[1. 1.],1.6069891461087447e-20
40,0.5,1,1,358,[1. 1.],2.220658026839715e-22
40,0.5,1,1,237,[1. 1.],3.34230713003486e-19
40,0.5,1,1,342,[1. 1.],5.374114916818143e-30
40,0.5,1,1,218,[0.99999994 0.99999989],3.131439011770953e-15
40,0.5,1,1,425,[1. 1.],2.4844230623920673e-16
40,0.5,1,1,238,[1. 1.],2.941841041867992e-24
40,0.5,1,1,201,[1.         1.00000001],2.426377904185076e-17
40,0.5,1,1,427,[1.00000938 1.00001894],9.129484374816427e-11
40,0.5,1,1,240,[1. 1.],4.972638534179172e-18
40,0.5,1,1,222,[1. 1.],1.6911627436182154e-22
40,0.5,1,1,297,[0.9999997  0.99999941],9.821030581414106e-14
40,0.5,1,1,208,[1. 1.],3.8588148429011797e-19
40,0.5,1,1,395,[1. 1.],1.6058883366777498e-20
40,0.5,1,1,182,[1.00000005 1.0000001 ],2.6257194707613716e-15
40,0.5,1,1,261,[0.99999997 0.99999994],1.559487960057129e-15
40,0.5,1,1,304,[1. 1.],3.073845821000249e-26
40,0.5,1,1,290,[0.99999999 0.99999998],1.1214691181033946e-16
40,0.5,1,1,200,[1. 1.],2.4466573779167547e-18
40,0.5,1,1,507,[1.00000008 1.00000016],9.061539746452889e-15
40,0.5,1,1,419,[1. 1.],2.7169245569453832e-17
40,0.5,1,1,187,[1. 1.],1.7553205685834068e-17
40,0.5,1,1,177,[1. 1.],3.78900146477992e-19
40,0.5,1,1,366,[1. 1.],4.930380657631324e-32
40,0.5,1,1,350,[1.00000203 1.00000413],4.598057516634328e-12
40,0.5,1,1,999,[0.99999998 0.99999996],3.3590049803924796e-16
40,0.5,1,1,669,[1. 1.],4.14445135674934e-25
40,0.5,1,1,181,[0.99999999 0.99999997],2.285231474561747e-16
40,0.5,1,1,614,[1. 1.],0.0
40,0.5,1,1,486,[1. 1.],0.0
40,0.5,1,1,223,[1.00000013 1.00000028],5.5467123304461696e-14
40,0.5,1,1,351,[1.00000001 1.00000001],5.532012353082891e-17
40,0.5,1,1,366,[1.00000036 1.0000007 ],1.6893548113864836e-13
40,0.5,1,1,378,[1. 1.],8.801962069036321e-29
40,0.5,1,1,209,[0.99999991 0.99999982],7.799593524449109e-15
40,0.5,1,1,155,[1.00000001 1.00000002],8.243347603943217e-17
40,0.5,1,1,437,[1. 1.],6.809458501537416e-17
40,0.5,1,1,259,[1. 1.],8.178318103295551e-22
40,0.5,1,1,336,[1.00000001 1.00000002],8.138501095478487e-17
40,0.5,1,1,488,[1. 1.],3.708354366729055e-18
40,0.5,1,1,218,[1. 1.],2.7485401906844065e-19
40,0.5,1,1,399,[1. 1.],8.291086274270079e-19
40,0.5,1,1,376,[1. 1.],0.0
40,0.5,1,1,400,[1. 1.],0.0
40,0.5,1,1,796,[1. 1.],7.579258884049114e-20
40,0.5,1,1,227,[1. 1.],5.584821629524239e-18
40,0.5,1,1,248,[1. 1.],2.1170437339145963e-20
40,0.5,1,1,237,[1.         1.00000001],1.4268145883856987e-17
40,0.5,1,1,206,[1. 1.],1.127857661159279e-15
40,0.5,1,1,161,[1.00000003 1.00000005],6.747447948464651e-16
40,0.5,1,1,280,[1. 1.],2.503154795228549e-18
40,0.5,1,1,189,[1. 1.],4.2883891680979175e-20
40,0.5,1,1,285,[1.00000082 1.0000017 ],1.0542741040730721e-12
40,0.5,1,1,169,[1. 1.],3.231474751456539e-20
40,0.5,1,1,280,[1. 1.],3.0077758431580335e-20
40,0.5,1,1,211,[1. 1.],1.763643478911882e-20
40,0.5,1,1,213,[1. 1.],9.284136641799572e-21
40,0.5,1,1,237,[0.99999992 0.99999985],6.102758230838954e-15
40,0.5,1,1,675,[1.00000065 1.00000131],4.282336949747599e-13
40,0.5,1,1,243,[1. 1.],1.6338690249123506e-16
40,0.5,1,1,456,[1.00000049 1.00000103],5.358307311428813e-13
40,0.5,1,1,211,[1. 1.],4.872804738383063e-20
40,0.5,1,1,190,[0.99999997 0.99999994],1.3256866347837056e-15
40,0.5,1,1,172,[1. 1.],1.4150011223978478e-20
40,0.5,1,1,236,[1. 1.],5.327459455386695e-21
40,0.5,1,1,368,[1. 1.],1.0369990751105441e-25
40,0.5,1,1,276,[1.         1.00000001],1.7608910238959333e-17
40,0.5,1,1,922,[1. 1.],0.0
40,0.5,1,1,613,[1. 1.],5.3359044667215e-29
40,0.5,1,1,241,[1. 1.],1.422387500630394e-20
40,0.5,1,1,436,[0.99999999 0.99999997],1.9103406706079008e-16
40,0.5,1,1,201,[1. 1.],8.761628788419593e-19
40,0.5,1,1,335,[1. 1.],1.5848315426098444e-25
40,0.5,1,1,209,[1.         0.99999999],1.0430418027717417e-17
40,0.5,1,1,375,[1. 1.],5.86312113610948e-20
40,0.5,1,1,231,[1.         0.99999999],5.373609873355751e-17
40,0.5,1,1,426,[1.00000002 1.00000004],3.4251188237088203e-16
40,0.5,1,1,189,[1.         1.00000001],1.1540602852335332e-17
40,0.5,1,1,277,[1. 1.],1.9087520051379826e-25
40,0.5,1,1,311,[1. 1.],5.0172046610122114e-27
40,0.5,1,1,166,[0.99999998 0.99999997],2.9711905168093613e-16
40,0.5,1,1,852,[1. 1.],0.0
40,0.5,1,1,211,[1.         1.00000001],4.6766708654724505e-17
40,0.5,1,1,226,[0.99999005 0.99998005],9.926722390097894e-11
40,0.5,1,1,318,[1. 1.],8.386939947878464e-20
40,0.5,1,1,226,[1.00000398 1.00000801],1.6199274479769538e-11
40,0.5,1,1,841,[1. 1.],8.697191480061655e-29
40,0.5,1,1,289,[1. 1.],6.889105306296706e-23
40,0.5,1,1,186,[0.99999984 0.99999968],2.6231472393795958e-14
40,0.5,1,1,333,[0.99999997 0.99999993],1.147329190128121e-15
40,0.5,1,1,152,[1.00000057 1.00000113],3.214273254887186e-13
40,0.5,1,1,228,[1.00000004 1.00000008],4.711649000852463e-15
40,0.5,1,1,222,[1. 1.],7.792732074740938e-19
40,0.5,1,1,250,[1. 1.],1.8269581876962267e-20
40,0.5,1,1,351,[1.00000002 1.00000005],5.720337054137424e-16
40,0.5,1,1,356,[1. 1.],6.63932447058733e-21
40,0.5,1,1,284,[0.99999878 0.99999756],1.5006437917507197e-12
40,0.5,1,1,883,[1. 1.],1.8120647752515035e-25
40,0.5,1,1,273,[1. 1.],5.239171905187107e-18
40,0.5,1,1,335,[1. 1.],1.1661582850462489e-25
40,0.5,1,1,242,[1. 1.],6.588961028375015e-22
40,0.5,1,1,202,[1. 1.],2.943949816784376e-18
40,0.5,1,1,450,[1. 1.],2.1208987477809553e-18
40,0.5,1,1,599,[1. 1.],0.0
40,0.5,1,1,335,[1. 1.],2.1443681174927793e-23
40,0.5,1,1,343,[1.00000005 1.0000001 ],2.5615615157173675e-15
40,0.5,1,1,245,[1.00000002 1.00000004],4.682488017375059e-16
40,0.5,1,1,309,[1. 1.],8.858487894438919e-21
40,0.5,1,1,286,[0.99999999 0.99999999],2.7650660324124107e-17
40,0.5,1,1,598,[1.00000366 1.00000724],1.395767681156494e-11
40,0.5,1,1,312,[1. 1.],1.2109507933208294e-27
40,0.5,1,1,477,[1.00002054 1.00004092],4.2499530572289103e-10
40,0.5,1,1,345,[1. 1.],5.90860387606134e-24
40,0.5,1,1,267,[1. 1.],1.8749516269089297e-21
40,0.5,1,1,215,[0.99999999 0.99999998],1.0285423706302895e-16
40,0.5,1,1,226,[1. 1.],2.7371980039178705e-19
40,0.5,1,1,235,[1. 1.],5.175638077341672e-20
40,0.5,1,1,243,[1.00000001 1.00000003],1.8987707411048638e-16
40,0.5,1,1,182,[1.00000039 1.00000078],1.5241180294229965e-13
40,0.5,1,1,303,[1. 1.],1.3121235823168445e-18
40,0.5,1,1,309,[1.0000003  1.00000061],9.538521495564501e-14
40,0.5,1,1,268,[1.00000011 1.00000023],1.3209815038191975e-14
40,0.5,1,1,204,[1. 1.],9.572380607611327e-20
40,0.5,1,1,625,[1.00000143 1.00000281],2.177145827588128e-12
40,0.5,1,1,157,[1.00000005 1.00000009],5.355933362075943e-15
40,0.5,1,1,411,[1.00000002 1.00000003],4.565501015407912e-16
40,0.5,1,1,215,[1. 1.],3.064301143164971e-19
40,0.5,1,1,442,[1. 1.],3.010071624976364e-20
40,0.5,1,1,167,[1. 1.],1.5847112348580692e-20
40,0.5,1,1,371,[1. 1.],1.7538610576918572e-22
40,0.5,1,1,246,[1. 1.],3.94451028012204e-21
40,0.5,1,1,302,[1. 1.],6.684247405065783e-19
40,0.5,1,1,206,[1.         1.00000001],3.4732353512069783e-17
40,0.5,1,1,164,[0.99999961 0.9999992 ],1.6252348317116238e-13
40,0.5,1,1,188,[1.00000004 1.00000009],1.9775818440933532e-15
40,0.5,1,1,393,[1.0000012 1.0000024],1.438080191632902e-12
40,0.5,1,1,218,[1. 1.],1.1079283600435947e-18
40,0.5,1,1,279,[1. 1.],2.894272112985583e-25
40,0.5,1,1,214,[1.00000004 1.00000008],1.5251339129508637e-15
40,0.5,1,1,460,[1.0000003  1.00000061],9.174719185004034e-14
40,0.5,1,1,185,[1.00000003 1.00000004],7.180345134661321e-15
40,0.5,1,1,187,[1. 1.],5.2101221400180357e-20
40,0.5,1,1,383,[1. 1.],0.0
40,0.5,1,1,246,[0.99999668 0.9999934 ],1.1291298326138591e-11
40,0.5,1,1,201,[1. 1.],1.5459787225850421e-22
40,0.5,1,1,304,[0.99999998 0.99999996],2.170435415153429e-15
40,0.5,1,1,368,[1. 1.],1.2538759988567265e-21
40,0.5,1,1,303,[1. 1.],2.5093710273870322e-23
40,0.5,1,1,225,[1. 1.],3.7009519276501715e-20
40,0.5,1,1,404,[1.00000017 1.00000034],2.961943330131025e-14
40,0.5,1,1,232,[1. 1.],3.748838728509197e-18
40,0.5,1,1,229,[1.00000014 1.00000027],2.5837151361355502e-14
40,0.5,1,1,218,[1. 1.],5.577098892968036e-21
40,0.5,1,1,245,[0.99998554 0.99997106],2.0904297695965635e-10
40,0.5,1,1,467,[1. 1.],2.5283387661990782e-18
40,0.5,1,1,407,[1. 1.],8.923988990312696e-30
40,0.5,1,1,465,[1. 1.],9.293107352247961e-21
40,0.5,1,1,290,[1. 1.],2.6446804264490595e-20
40,0.5,1,1,413,[1. 1.],5.497788209169382e-22
40,0.5,1,1,386,[1. 1.],2.9488981422222928e-25
40,0.5,1,1,546,[1.00000023 1.00000045],6.045742878145809e-14
40,0.5,1,1,416,[1. 1.],0.0
40,0.5,1,1,157,[1.00000001 1.00000002],1.7133316921938426e-16
40,0.5,1,1,379,[1. 1.],4.0629013262765694e-18
40,0.5,1,1,188,[0.99999998 0.99999996],5.172508533214163e-16
40,0.5,1,1,530,[1. 1.],0.0
40,0.5,1,1,197,[1.00000007 1.00000014],4.687404121979686e-15
40,0.5,1,1,516,[1.00000103 1.00000209],1.1115687645729723e-12
40,0.5,1,1,432,[1. 1.],2.8307248970297703e-19
40,0.5,1,1,281,[1. 1.],1.8272321370517806e-19
40,0.5,1,1,309,[1.00000001 1.00000001],9.915410609041404e-16
40,0.5,1,1,999,[1. 1.],5.338301070524988e-23
40,0.5,1,1,341,[1. 1.],3.003890261590555e-22
40,0.5,1,1,202,[1. 1.],8.440896117397098e-18
40,0.5,1,1,200,[0.99999995 0.99999989],3.021215293631361e-15
40,0.5,1,1,192,[1.00000006 1.00000013],4.188845788559316e-15
40,0.5,1,1,593,[1. 1.],0.0
40,0.5,1,1,202,[1.         0.99999999],9.848339335695208e-18
40,0.5,1,1,904,[1. 1.],9.348272891691488e-21
40,0.5,1,1,227,[1.         1.00000001],8.96043774043669e-18
40,0.5,1,1,264,[1. 1.],1.4476145149607268e-20
40,0.5,1,1,465,[1. 1.],5.950684971290101e-22
40,0.5,1,1,326,[1. 1.],3.922674468943556e-20
40,0.5,1,1,191,[1. 1.],5.110613868491923e-18
40,0.5,1,1,168,[1.00000003 1.00000005],7.488716592028126e-16
40,0.5,1,1,493,[1.00000136 1.00000273],1.8618663909491327e-12
40,0.5,1,1,243,[1. 1.],3.636253754750205e-19
40,0.5,1,1,155,[1. 1.],4.319830071419197e-18
40,0.5,1,1,370,[1. 1.],5.979505051863503e-21
40,0.5,1,1,325,[1.00000003 1.00000006],8.534601211965263e-16
40,0.5,1,1,254,[1. 1.],4.150081232086708e-19
40,0.5,1,1,234,[1. 1.],4.130824900047605e-18
40,0.5,1,1,241,[1. 1.],2.973695529624352e-18
40,0.5,1,1,334,[1. 1.],4.258243817561514e-21
40,0.5,1,1,307,[1. 1.],3.332937324558775e-29
40,0.5,1,1,534,[1. 1.],0.0
40,0.5,1,1,451,[1. 1.],1.4857382814636e-18
40,0.5,1,1,433,[1. 1.],2.2156735110955007e-21
40,0.5,1,1,369,[1. 1.],6.699281206793912e-19
40,0.5,1,1,180,[0.99999979 0.99999957],4.579487230074454e-14
40,0.5,1,1,305,[1. 1.],1.1978530676219967e-22
40,0.5,1,1,272,[1. 1.],9.194102733204154e-20
40,0.5,1,1,232,[0.99999994 0.99999988],3.580011654356365e-15
40,0.5,1,1,611,[1. 1.],2.3508104279392728e-24
40,0.5,1,1,338,[1.00000052 1.00000104],2.8079086033741964e-13
40,0.5,1,1,227,[1.00000008 1.00000017],7.192722603808394e-15
40,0.5,1,1,287,[1. 1.],2.5453385967861167e-26
40,0.5,1,1,406,[1. 1.],3.475356874314142e-18
40,0.5,1,1,244,[1. 1.],4.1980703979370395e-18
40,0.5,1,1,612,[1. 1.],0.0
40,0.5,1,1,472,[1. 1.],1.9999969825624994e-20
40,0.5,1,1,605,[1. 1.],2.1247292231213588e-18
40,0.5,1,1,319,[1. 1.],3.3711069757554757e-25
40,0.5,1,1,405,[1. 1.],2.2538969486481533e-19
40,0.5,1,1,413,[1.         0.99999999],1.5758347140607037e-17
40,0.5,1,1,380,[1. 1.],8.91115702119828e-20
40,0.5,1,1,751,[1. 1.],0.0
40,0.5,1,1,209,[1. 1.],1.5178894075020144e-21
40,0.5,1,1,791,[1. 1.],1.5953030134631774e-21
40,0.5,1,1,811,[1. 1.],3.483512382438e-26
40,0.5,1,1,193,[1. 1.],4.1068270534977866e-20
40,0.5,1,1,325,[1. 1.],1.0896141253365226e-26
40,0.5,1,1,235,[1. 1.],2.4523922488501895e-23
40,0.5,1,1,274,[1. 1.],1.8739730999790512e-25
40,0.5,1,1,280,[1.00000002 1.00000003],2.745171371236509e-16
40,0.5,1,1,271,[1. 1.],2.536563132003177e-19
40,0.5,1,1,230,[1.00000002 1.00000004],4.557197503919174e-16
40,0.5,1,1,182,[1.00000001 1.00000002],5.318736392627332e-16
40,0.5,1,1,233,[1.         1.00000001],1.1806389384769498e-17
40,0.5,1,1,430,[1. 1.],7.597565293610809e-19
